id,question_en,answer_en,question_te,answer_te
faq15,How can I stay updated on official announcements?,"Listen to radio, follow government SMS alerts, or check official websites and verified social media accounts.",‡∞™‡±ç‡∞∞‡∞≠‡±Å‡∞§‡±ç‡∞µ ‡∞™‡±ç‡∞∞‡∞ï‡∞ü‡∞®‡∞≤‡∞®‡±Å ‡∞é‡∞≤‡∞æ ‡∞§‡±Ü‡∞≤‡±Å‡∞∏‡±Å‡∞ï‡±ã‡∞µ‡∞æ‡∞≤‡∞ø?,"‡∞∞‡±á‡∞°‡∞ø‡∞Ø‡±ã ‡∞µ‡∞ø‡∞®‡∞Ç‡∞°‡∞ø, ‡∞™‡±ç‡∞∞‡∞≠‡±Å‡∞§‡±ç‡∞µ SMS ‡∞π‡±Ü‡∞ö‡±ç‡∞ö‡∞∞‡∞ø‡∞ï‡∞≤‡∞®‡±Å ‡∞™‡∞∞‡∞ø‡∞∂‡±Ä‡∞≤‡∞ø‡∞Ç‡∞ö‡∞Ç‡∞°‡∞ø, ‡∞≤‡±á‡∞¶‡∞æ ‡∞Ö‡∞ß‡∞ø‡∞ï‡∞æ‡∞∞‡∞ø‡∞ï ‡∞µ‡±Ü‡∞¨‡±ç‚Äå‡∞∏‡±à‡∞ü‡±ç‡∞≤‡∞®‡±Å ‡∞ö‡±Ç‡∞°‡∞Ç‡∞°‡∞ø."
faq16,How can I use the navigation feature?,"Open the app, go to 'Navigation', and choose your destination. The app shows safe routes and avoids blocked areas.",‡∞®‡∞æ‡∞µ‡∞ø‡∞ó‡±á‡∞∑‡∞®‡±ç ‡∞Ü‡∞™‡±ç‡∞∑‡∞®‡±ç‚Äå‡∞®‡±Å ‡∞é‡∞≤‡∞æ ‡∞â‡∞™‡∞Ø‡±ã‡∞ó‡∞ø‡∞Ç‡∞ö‡∞æ‡∞≤‡∞ø?,"‡∞Ø‡∞æ‡∞™‡±ç‚Äå‡∞®‡±Å ‡∞§‡±Ü‡∞∞‡∞ö‡∞ø, '‡∞®‡∞æ‡∞µ‡∞ø‡∞ó‡±á‡∞∑‡∞®‡±ç' ‡∞µ‡∞ø‡∞≠‡∞æ‡∞ó‡∞Ç‡∞≤‡±ã ‡∞ó‡∞Æ‡±ç‡∞Ø‡∞∏‡±ç‡∞•‡∞æ‡∞®‡∞Ç ‡∞é‡∞Ç‡∞ö‡±Å‡∞ï‡±ã‡∞Ç‡∞°‡∞ø. ‡∞Ø‡∞æ‡∞™‡±ç ‡∞∏‡±Å‡∞∞‡∞ï‡±ç‡∞∑‡∞ø‡∞§ ‡∞Æ‡∞æ‡∞∞‡±ç‡∞ó‡∞æ‡∞≤‡∞®‡±Å ‡∞ö‡±Ç‡∞™‡±Å‡∞§‡±Å‡∞Ç‡∞¶‡∞ø."
faq17,Can I use the app offline?,"Yes! The app is designed to work completely offline. All key features like Q&A, language support, and emergency guidance are offline.",‡∞Ø‡∞æ‡∞™‡±ç ‡∞á‡∞Ç‡∞ü‡∞∞‡±ç‡∞®‡±Ü‡∞ü‡±ç ‡∞≤‡±á‡∞ï‡±Å‡∞Ç‡∞°‡∞æ ‡∞™‡∞®‡∞ø‡∞ö‡±á‡∞∏‡±ç‡∞§‡±Å‡∞Ç‡∞¶‡∞æ?,"‡∞Ö‡∞µ‡±Å‡∞®‡±Å! ‡∞à ‡∞Ø‡∞æ‡∞™‡±ç ‡∞™‡±Ç‡∞∞‡±ç‡∞§‡∞ø‡∞ó‡∞æ ‡∞Ü‡∞´‡±ç‚Äå‡∞≤‡±à‡∞®‡±ç‚Äå‡∞≤‡±ã ‡∞™‡∞®‡∞ø‡∞ö‡±á‡∞∏‡±ç‡∞§‡±Å‡∞Ç‡∞¶‡∞ø. ‡∞™‡±ç‡∞∞‡∞ß‡∞æ‡∞® ‡∞´‡±Ä‡∞ö‡∞∞‡±ç‡∞≤‡±Å ‡∞á‡∞Ç‡∞ü‡∞∞‡±ç‡∞®‡±Ü‡∞ü‡±ç ‡∞≤‡±á‡∞ï‡±Å‡∞Ç‡∞°‡∞æ‡∞®‡±á ‡∞Ö‡∞Ç‡∞¶‡±Å‡∞¨‡∞æ‡∞ü‡±Å‡∞≤‡±ã ‡∞â‡∞Ç‡∞ü‡∞æ‡∞Ø‡∞ø."
faq18,How do I check if a news message is real or fake?,"Go to the 'Fake News Detection' section and paste the message. The system verifies it using local fact-check data.",‡∞®‡±ç‡∞Ø‡±Ç‡∞∏‡±ç ‡∞®‡∞ï‡∞ø‡∞≤‡±Ä‡∞¶‡∞æ ‡∞®‡∞ø‡∞ú‡∞Æ‡∞æ ‡∞é‡∞≤‡∞æ ‡∞§‡±Ü‡∞≤‡±Å‡∞∏‡±Å‡∞ï‡±ã‡∞µ‡∞æ‡∞≤‡∞ø?,"'Fake News Detection' ‡∞µ‡∞ø‡∞≠‡∞æ‡∞ó‡∞Ç‡∞≤‡±ã ‡∞∏‡∞Ç‡∞¶‡±á‡∞∂‡∞Ç ‡∞™‡±á‡∞∏‡±ç‡∞ü‡±ç ‡∞ö‡±á‡∞Ø‡∞Ç‡∞°‡∞ø. ‡∞∏‡∞ø‡∞∏‡±ç‡∞ü‡∞Æ‡±ç ‡∞Ö‡∞¶‡∞ø ‡∞®‡∞ø‡∞ú‡∞Æ‡±ã ‡∞ï‡∞æ‡∞¶‡±ã ‡∞ö‡±Ü‡∞ï‡±ç ‡∞ö‡±á‡∞∏‡±ç‡∞§‡±Å‡∞Ç‡∞¶‡∞ø."
faq19,How can I enable voice input?,"Tap the microphone icon üéôÔ∏è and speak clearly. The app automatically converts your voice into text.",‡∞µ‡∞æ‡∞Ø‡∞ø‡∞∏‡±ç ‡∞á‡∞®‡±ç‚Äå‡∞™‡±Å‡∞ü‡±ç‚Äå‡∞®‡±Å ‡∞é‡∞≤‡∞æ ‡∞™‡±ç‡∞∞‡∞æ‡∞∞‡∞Ç‡∞≠‡∞ø‡∞Ç‡∞ö‡∞æ‡∞≤‡∞ø?,"‡∞Æ‡±à‡∞ï‡±ç ‡∞¨‡∞ü‡∞®‡±ç üéôÔ∏è ‡∞®‡±ä‡∞ï‡±ç‡∞ï‡∞ø ‡∞∏‡±ç‡∞™‡∞∑‡±ç‡∞ü‡∞Ç‡∞ó‡∞æ ‡∞Æ‡∞æ‡∞ü‡±ç‡∞≤‡∞æ‡∞°‡∞Ç‡∞°‡∞ø. ‡∞Ø‡∞æ‡∞™‡±ç ‡∞Æ‡±Ä ‡∞Æ‡∞æ‡∞ü‡∞≤‡∞®‡±Å ‡∞Ü‡∞ü‡±ã‡∞Æ‡±á‡∞ü‡∞ø‡∞ï‡±ç‚Äå‡∞ó‡∞æ ‡∞ü‡±Ü‡∞ï‡±ç‡∞∏‡±ç‡∞ü‡±ç‚Äå‡∞ó‡∞æ ‡∞Æ‡∞æ‡∞∞‡±ç‡∞ö‡±Å‡∞§‡±Å‡∞Ç‡∞¶‡∞ø."
faq20,How can I change the language?,"The app automatically detects your language. You can also change it from the settings page.",‡∞≠‡∞æ‡∞∑‡∞®‡±Å ‡∞é‡∞≤‡∞æ ‡∞Æ‡∞æ‡∞∞‡±ç‡∞ö‡∞æ‡∞≤‡∞ø?,"‡∞Ø‡∞æ‡∞™‡±ç ‡∞Æ‡±Ä ‡∞≠‡∞æ‡∞∑‡∞®‡±Å ‡∞Ü‡∞ü‡±ã‡∞Æ‡±á‡∞ü‡∞ø‡∞ï‡±ç‚Äå‡∞ó‡∞æ ‡∞ó‡±Å‡∞∞‡±ç‡∞§‡∞ø‡∞∏‡±ç‡∞§‡±Å‡∞Ç‡∞¶‡∞ø. ‡∞∏‡±Ü‡∞ü‡±ç‡∞ü‡∞ø‡∞Ç‡∞ó‡±ç‡∞∏‡±ç‚Äå‡∞≤‡±ã ‡∞Æ‡±Ä‡∞∞‡±Å ‡∞≠‡∞æ‡∞∑‡∞®‡±Å ‡∞Æ‡∞æ‡∞∞‡±ç‡∞ö‡∞µ‡∞ö‡±ç‡∞ö‡±Å."
faq21,What is the fake news detection feature?,"It allows users to verify the authenticity of viral messages and alerts using AI and verified databases.",‡∞´‡±á‡∞ï‡±ç ‡∞®‡±ç‡∞Ø‡±Ç‡∞∏‡±ç ‡∞°‡∞ø‡∞ü‡±Ü‡∞ï‡±ç‡∞∑‡∞®‡±ç ‡∞Ö‡∞Ç‡∞ü‡±á ‡∞è‡∞Æ‡∞ø‡∞ü‡∞ø?,"‡∞á‡∞¶‡∞ø AI ‡∞¶‡±ç‡∞µ‡∞æ‡∞∞‡∞æ ‡∞µ‡∞æ‡∞∞‡±ç‡∞§‡∞≤ ‡∞®‡∞ø‡∞ú‡∞§‡∞®‡±Å ‡∞™‡∞∞‡±Ä‡∞ï‡±ç‡∞∑‡∞ø‡∞Ç‡∞ö‡±á ‡∞´‡±Ä‡∞ö‡∞∞‡±ç."
faq22,How do I navigate safely during disasters?,"Use the navigation option to find safe routes to shelters or hospitals based on real-time disaster data.",‡∞µ‡∞ø‡∞™‡∞§‡±ç‡∞§‡±Å ‡∞∏‡∞Æ‡∞Ø‡∞Ç‡∞≤‡±ã ‡∞∏‡±Å‡∞∞‡∞ï‡±ç‡∞∑‡∞ø‡∞§‡∞Ç‡∞ó‡∞æ ‡∞é‡∞≤‡∞æ ‡∞™‡±ç‡∞∞‡∞Ø‡∞æ‡∞£‡∞ø‡∞Ç‡∞ö‡∞æ‡∞≤‡∞ø?,"‡∞®‡∞æ‡∞µ‡∞ø‡∞ó‡±á‡∞∑‡∞®‡±ç ‡∞Ü‡∞™‡±ç‡∞∑‡∞®‡±ç ‡∞â‡∞™‡∞Ø‡±ã‡∞ó‡∞ø‡∞Ç‡∞ö‡∞ø ‡∞Ü‡∞∂‡±ç‡∞∞‡∞Ø‡∞æ‡∞≤‡±Å ‡∞≤‡±á‡∞¶‡∞æ ‡∞Ü‡∞∏‡±Å‡∞™‡∞§‡±ç‡∞∞‡±Å‡∞≤‡∞ï‡±Å ‡∞∏‡±Å‡∞∞‡∞ï‡±ç‡∞∑‡∞ø‡∞§ ‡∞Æ‡∞æ‡∞∞‡±ç‡∞ó‡∞æ‡∞≤‡±Å ‡∞ï‡∞®‡±Å‡∞ó‡±ä‡∞®‡∞Ç‡∞°‡∞ø."
faq23,Can I check safe zones on the map?,"Yes, the app highlights safe zones, shelters, and medical camps on the map.",‡∞Æ‡±ç‡∞Ø‡∞æ‡∞™‡±ç‚Äå‡∞≤‡±ã ‡∞∏‡±Å‡∞∞‡∞ï‡±ç‡∞∑‡∞ø‡∞§ ‡∞™‡±ç‡∞∞‡∞æ‡∞Ç‡∞§‡∞æ‡∞≤‡∞®‡±Å ‡∞ö‡±Ç‡∞°‡∞ó‡∞≤‡∞®‡∞æ?,"‡∞Ö‡∞µ‡±Å‡∞®‡±Å, ‡∞Æ‡±ç‡∞Ø‡∞æ‡∞™‡±ç‚Äå‡∞≤‡±ã ‡∞Ü‡∞∂‡±ç‡∞∞‡∞Ø‡∞æ‡∞≤‡±Å ‡∞Æ‡∞∞‡∞ø‡∞Ø‡±Å ‡∞µ‡±à‡∞¶‡±ç‡∞Ø ‡∞∂‡∞ø‡∞¨‡∞ø‡∞∞‡∞æ‡∞≤‡±Å ‡∞ö‡±Ç‡∞™‡∞¨‡∞°‡∞§‡∞æ‡∞Ø‡∞ø."
faq24,How can I get alerts about nearby dangers?,"The app provides offline alerts for flood, fire, or earthquake-prone areas.",‡∞∏‡∞Æ‡±Ä‡∞™ ‡∞™‡±ç‡∞∞‡∞Æ‡∞æ‡∞¶‡∞æ‡∞≤ ‡∞ó‡±Å‡∞∞‡∞ø‡∞Ç‡∞ö‡∞ø ‡∞Ö‡∞≤‡∞∞‡±ç‡∞ü‡±ç‚Äå‡∞≤‡±Å ‡∞é‡∞≤‡∞æ ‡∞µ‡∞∏‡±ç‡∞§‡∞æ‡∞Ø‡∞ø?,"‡∞Ø‡∞æ‡∞™‡±ç ‡∞µ‡∞∞‡∞¶, ‡∞Ö‡∞ó‡±ç‡∞®‡∞ø ‡∞≤‡±á‡∞¶‡∞æ ‡∞≠‡±Ç‡∞ï‡∞Ç‡∞™ ‡∞™‡±ç‡∞∞‡∞æ‡∞Ç‡∞§‡∞æ‡∞≤ ‡∞ó‡±Å‡∞∞‡∞ø‡∞Ç‡∞ö‡∞ø ‡∞Ö‡∞≤‡∞∞‡±ç‡∞ü‡±ç‚Äå‡∞≤‡±Å ‡∞á‡∞∏‡±ç‡∞§‡±Å‡∞Ç‡∞¶‡∞ø."
faq25,How can I contribute to relief work?,"You can volunteer through NGOs listed in the app or offer supplies to local shelters.",‡∞∞‡∞ø‡∞≤‡±Ä‡∞´‡±ç ‡∞™‡∞®‡±Å‡∞≤‡±ç‡∞≤‡±ã ‡∞®‡±á‡∞®‡±Å ‡∞é‡∞≤‡∞æ ‡∞∏‡∞π‡∞æ‡∞Ø‡∞Ç ‡∞ö‡±á‡∞Ø‡∞ó‡∞≤‡∞®‡±Å?,"‡∞Ø‡∞æ‡∞™‡±ç‚Äå‡∞≤‡±ã ‡∞â‡∞®‡±ç‡∞® ‡∞é‡∞®‡±ç‚Äå‡∞ú‡±Ä‡∞ì‡∞≤ ‡∞¶‡±ç‡∞µ‡∞æ‡∞∞‡∞æ ‡∞∏‡±á‡∞µ ‡∞ö‡±á‡∞Ø‡∞Ç‡∞°‡∞ø ‡∞≤‡±á‡∞¶‡∞æ ‡∞∏‡∞∞‡∞´‡∞∞‡∞æ‡∞≤‡±Å ‡∞á‡∞µ‡±ç‡∞µ‡∞Ç‡∞°‡∞ø."
faq26,Can I translate answers into Telugu or Hindi?,"Yes! The assistant automatically responds in the detected language of your question.",‡∞∏‡∞Æ‡∞æ‡∞ß‡∞æ‡∞®‡∞æ‡∞≤‡∞®‡±Å ‡∞§‡±Ü‡∞≤‡±Å‡∞ó‡±Å‡∞≤‡±ã ‡∞™‡±ä‡∞Ç‡∞¶‡∞µ‡∞ö‡±ç‡∞ö‡∞æ?,"‡∞Ö‡∞µ‡±Å‡∞®‡±Å! ‡∞Æ‡±Ä ‡∞≠‡∞æ‡∞∑‡∞®‡±Å ‡∞Ø‡∞æ‡∞™‡±ç ‡∞Ü‡∞ü‡±ã‡∞Æ‡±á‡∞ü‡∞ø‡∞ï‡±ç‚Äå‡∞ó‡∞æ ‡∞ó‡±Å‡∞∞‡±ç‡∞§‡∞ø‡∞Ç‡∞ö‡∞ø ‡∞Ö‡∞¶‡±á ‡∞≠‡∞æ‡∞∑‡∞≤‡±ã ‡∞∏‡∞Æ‡∞æ‡∞ß‡∞æ‡∞®‡∞Ç ‡∞á‡∞∏‡±ç‡∞§‡±Å‡∞Ç‡∞¶‡∞ø."
faq27,How can I check local disaster news?,"Go to the 'Updates' tab to see official disaster updates and advisories.",‡∞∏‡±ç‡∞•‡∞æ‡∞®‡∞ø‡∞ï ‡∞µ‡∞ø‡∞™‡∞§‡±ç‡∞§‡±Å ‡∞µ‡∞æ‡∞∞‡±ç‡∞§‡∞≤‡∞®‡±Å ‡∞é‡∞≤‡∞æ ‡∞§‡±Ü‡∞≤‡±Å‡∞∏‡±Å‡∞ï‡±ã‡∞µ‡∞æ‡∞≤‡∞ø?,"'‡∞Ö‡∞™‡±ç‚Äå‡∞°‡±á‡∞ü‡±ç‡∞∏‡±ç' ‡∞µ‡∞ø‡∞≠‡∞æ‡∞ó‡∞Ç‡∞≤‡±ã ‡∞Ö‡∞ß‡∞ø‡∞ï‡∞æ‡∞∞‡∞ø‡∞ï ‡∞∏‡∞Æ‡∞æ‡∞ö‡∞æ‡∞∞‡∞Ç ‡∞ö‡±Ç‡∞°‡∞Ç‡∞°‡∞ø."
faq28,How do I share my location with rescuers?,"Use the 'Share Location' option in the app to send coordinates to emergency teams.",‡∞®‡∞æ ‡∞≤‡±ä‡∞ï‡±á‡∞∑‡∞®‡±ç‚Äå‡∞®‡±Å ‡∞∞‡±Ü‡∞∏‡±ç‡∞ï‡±ç‡∞Ø‡±Ç ‡∞ü‡±Ä‡∞Æ‡±ç‚Äå‡∞≤‡∞§‡±ã ‡∞é‡∞≤‡∞æ ‡∞∑‡±á‡∞∞‡±ç ‡∞ö‡±á‡∞Ø‡∞æ‡∞≤‡∞ø?,"'Share Location' ‡∞¨‡∞ü‡∞®‡±ç ‡∞¶‡±ç‡∞µ‡∞æ‡∞∞‡∞æ ‡∞Æ‡±Ä ‡∞≤‡±ä‡∞ï‡±á‡∞∑‡∞®‡±ç ‡∞™‡∞Ç‡∞™‡∞Ç‡∞°‡∞ø."
faq29,What should I do if the navigation is not loading?,"Check your GPS permissions or restart the app. Offline mode will still show cached safe zones.",‡∞®‡∞æ‡∞µ‡∞ø‡∞ó‡±á‡∞∑‡∞®‡±ç ‡∞™‡∞®‡∞ø‡∞ö‡±á‡∞Ø‡∞ï‡∞™‡±ã‡∞§‡±á ‡∞è‡∞Æ‡∞ø ‡∞ö‡±á‡∞Ø‡∞æ‡∞≤‡∞ø?,"GPS ‡∞Ö‡∞®‡±Å‡∞Æ‡∞§‡±Å‡∞≤‡±Å ‡∞ö‡±Ü‡∞ï‡±ç ‡∞ö‡±á‡∞Ø‡∞Ç‡∞°‡∞ø ‡∞≤‡±á‡∞¶‡∞æ ‡∞Ø‡∞æ‡∞™‡±ç ‡∞∞‡±Ä‡∞∏‡±ç‡∞ü‡∞æ‡∞∞‡±ç‡∞ü‡±ç ‡∞ö‡±á‡∞Ø‡∞Ç‡∞°‡∞ø. ‡∞Ü‡∞´‡±ç‚Äå‡∞≤‡±à‡∞®‡±ç‚Äå‡∞≤‡±ã ‡∞ï‡±Ç‡∞°‡∞æ ‡∞∏‡±á‡∞µ‡±ç ‡∞ö‡±á‡∞∏‡∞ø‡∞® ‡∞™‡±ç‡∞∞‡∞æ‡∞Ç‡∞§‡∞æ‡∞≤‡±Å ‡∞ï‡∞®‡∞ø‡∞™‡∞ø‡∞∏‡±ç‡∞§‡∞æ‡∞Ø‡∞ø."
faq30,Can I report fake news?,"Yes. Go to the 'Report' section and submit the message you suspect as fake.",‡∞´‡±á‡∞ï‡±ç ‡∞®‡±ç‡∞Ø‡±Ç‡∞∏‡±ç‚Äå‡∞®‡±Å ‡∞∞‡∞ø‡∞™‡±ã‡∞∞‡±ç‡∞ü‡±ç ‡∞ö‡±á‡∞Ø‡∞µ‡∞ö‡±ç‡∞ö‡∞æ?,"‡∞Ö‡∞µ‡±Å‡∞®‡±Å, 'Report' ‡∞µ‡∞ø‡∞≠‡∞æ‡∞ó‡∞Ç‡∞≤‡±ã ‡∞®‡∞ï‡∞ø‡∞≤‡±Ä ‡∞µ‡∞æ‡∞∞‡±ç‡∞§‡∞®‡±Å ‡∞∏‡∞Æ‡∞∞‡±ç‡∞™‡∞ø‡∞Ç‡∞ö‡∞Ç‡∞°‡∞ø."
faq31,How can I know which areas are safe now?,"The navigation map uses local data to mark danger-free zones in green.",‡∞™‡±ç‡∞∞‡∞∏‡±ç‡∞§‡±Å‡∞§‡∞Ç ‡∞∏‡±Å‡∞∞‡∞ï‡±ç‡∞∑‡∞ø‡∞§ ‡∞™‡±ç‡∞∞‡∞æ‡∞Ç‡∞§‡∞æ‡∞≤‡±Å ‡∞è‡∞µ‡∞ø ‡∞Ö‡∞®‡∞ø ‡∞é‡∞≤‡∞æ ‡∞§‡±Ü‡∞≤‡±Å‡∞∏‡±Å‡∞ï‡±ã‡∞µ‡∞æ‡∞≤‡∞ø?,"‡∞®‡∞æ‡∞µ‡∞ø‡∞ó‡±á‡∞∑‡∞®‡±ç ‡∞Æ‡±ç‡∞Ø‡∞æ‡∞™‡±ç‚Äå‡∞≤‡±ã ‡∞™‡∞ö‡±ç‡∞ö ‡∞∞‡∞Ç‡∞ó‡±Å‡∞≤‡±ã ‡∞∏‡±Å‡∞∞‡∞ï‡±ç‡∞∑‡∞ø‡∞§ ‡∞™‡±ç‡∞∞‡∞æ‡∞Ç‡∞§‡∞æ‡∞≤‡±Å ‡∞ö‡±Ç‡∞™‡∞ø‡∞∏‡±ç‡∞§‡∞æ‡∞Ø‡∞ø."
faq32,Can I access help materials offline?,"Yes, emergency procedures, safety tips, and FAQs are stored offline.",‡∞Ü‡∞´‡±ç‚Äå‡∞≤‡±à‡∞®‡±ç‚Äå‡∞≤‡±ã ‡∞∏‡∞π‡∞æ‡∞Ø‡∞ï ‡∞∏‡∞Æ‡∞æ‡∞ö‡∞æ‡∞∞‡∞Ç ‡∞ö‡±Ç‡∞°‡∞µ‡∞ö‡±ç‡∞ö‡∞æ?,"‡∞Ö‡∞µ‡±Å‡∞®‡±Å, ‡∞Ö‡∞§‡±ç‡∞Ø‡∞µ‡∞∏‡∞∞ ‡∞∏‡±Ç‡∞ö‡∞®‡∞≤‡±Å ‡∞Æ‡∞∞‡∞ø‡∞Ø‡±Å ‡∞∏‡∞Æ‡∞æ‡∞ö‡∞æ‡∞∞‡∞Ç ‡∞Ü‡∞´‡±ç‚Äå‡∞≤‡±à‡∞®‡±ç‚Äå‡∞≤‡±ã ‡∞Ö‡∞Ç‡∞¶‡±Å‡∞¨‡∞æ‡∞ü‡±Å‡∞≤‡±ã ‡∞â‡∞Ç‡∞ü‡∞æ‡∞Ø‡∞ø."
faq33,How can I learn first aid?,"Go to the 'First Aid' section for offline tutorials and step-by-step guidance.",‡∞´‡∞∏‡±ç‡∞ü‡±ç ‡∞é‡∞Ø‡∞ø‡∞°‡±ç ‡∞é‡∞≤‡∞æ ‡∞®‡±á‡∞∞‡±ç‡∞ö‡±Å‡∞ï‡±ã‡∞µ‡∞æ‡∞≤‡∞ø?,"'First Aid' ‡∞µ‡∞ø‡∞≠‡∞æ‡∞ó‡∞Ç‡∞≤‡±ã ‡∞â‡∞®‡±ç‡∞® ‡∞∏‡±Ç‡∞ö‡∞®‡∞≤‡±Å ‡∞ö‡∞¶‡∞µ‡∞Ç‡∞°‡∞ø."
faq34,Can I share this app with others?,"Yes, you can share the APK or QR code from the app's share section.",‡∞à ‡∞Ø‡∞æ‡∞™‡±ç‚Äå‡∞®‡±Å ‡∞á‡∞§‡∞∞‡±Å‡∞≤‡∞§‡±ã ‡∞∑‡±á‡∞∞‡±ç ‡∞ö‡±á‡∞Ø‡∞µ‡∞ö‡±ç‡∞ö‡∞æ?,"‡∞Ö‡∞µ‡±Å‡∞®‡±Å, APK ‡∞≤‡±á‡∞¶‡∞æ QR ‡∞ï‡±ã‡∞°‡±ç ‡∞¶‡±ç‡∞µ‡∞æ‡∞∞‡∞æ ‡∞Ø‡∞æ‡∞™‡±ç‚Äå‡∞®‡±Å ‡∞∑‡±á‡∞∞‡±ç ‡∞ö‡±á‡∞Ø‡∞µ‡∞ö‡±ç‡∞ö‡±Å."
faq35,What should I do if the app crashes?,"Restart the app and ensure you have enough storage. It works offline so no internet is needed.",‡∞Ø‡∞æ‡∞™‡±ç ‡∞ï‡±ç‡∞∞‡∞æ‡∞∑‡±ç ‡∞Ö‡∞Ø‡∞ø‡∞§‡±á ‡∞è‡∞Æ‡∞ø ‡∞ö‡±á‡∞Ø‡∞æ‡∞≤‡∞ø?,"‡∞Ø‡∞æ‡∞™‡±ç ‡∞∞‡±Ä‡∞∏‡±ç‡∞ü‡∞æ‡∞∞‡±ç‡∞ü‡±ç ‡∞ö‡±á‡∞Ø‡∞Ç‡∞°‡∞ø ‡∞Æ‡∞∞‡∞ø‡∞Ø‡±Å ‡∞´‡±ã‡∞®‡±ç‚Äå‡∞≤‡±ã ‡∞∏‡±ç‡∞•‡∞≤‡∞Ç ‡∞â‡∞Ç‡∞¶‡±ã ‡∞ö‡±Ç‡∞°‡∞Ç‡∞°‡∞ø."
